,Analysis,Attribute,Standard names
0,HPLC,AEX-HPLC TOTAL ACIDIC PEAKS,AEX ACIDIC PEAKS
1,BIO_ICIEF,AEX HPLC-ACIDIC PEAKS,AEX ACIDIC PEAKS
2,HPLC,AEX TOTAL ACIDIC PEAKS,AEX ACIDIC PEAKS
3,HPLC,AEX-HPLC ACIDIC PEAKS,AEX ACIDIC PEAKS
4,BIO_ICIEF,AEX-HPLC TOTAL ACIDIC PEAKS,AEX ACIDIC PEAKS
5,BIO_ICIEF,AEX HPLC-BASIC PEAKS,AEX BASIC PEAKS
6,HPLC,AEX-HPLC TOTAL BASIC PEAKS,AEX BASIC PEAKS
7,BIO_ICIEF,AEX-HPLC TOTAL BASIC PEAKS,AEX BASIC PEAKS
8,HPLC,AEX-HPLC BASIC PEAKS,AEX BASIC PEAKS
9,HPLC,AEX TOTAL BASIC PEAKS,AEX BASIC PEAKS
10,ICIEF,AEX MAIN PEAK,AEX MAIN PEAK
11,BIO_ICIEF,AEX-HPLC MAIN PEAK,AEX MAIN PEAK
12,ICIEF_2,AEX MAIN PEAK,AEX MAIN PEAK
13,BIO_ICIEF,AEX HPLC- MAIN PEAK,AEX MAIN PEAK
14,HPLC,AEX MAIN PEAK,AEX MAIN PEAK
15,HPLC,AEX-HPLC MAIN PEAK,AEX MAIN PEAK
16,BIO_ICIEF,AEX MAIN PEAK,AEX MAIN PEAK
17,CE_SDS_2,CE-SDS (NON-REDUCED) HHL,CE-SDS (NON-REDUCED) HHL
18,CE_SDS,[CE-SDS (NON-REDUCED) A(HHL)],CE-SDS (NON-REDUCED) HHL
19,CE_SDS,CE-SDS (NON-REDUCED) HHL AREA %,CE-SDS (NON-REDUCED) HHL
20,CE_SDS,CE-SDS (NON-REDUCED) A(HHL),CE-SDS (NON-REDUCED) HHL
21,CE_SDS,CE-SDS (NON-REDUCED) HHL,CE-SDS (NON-REDUCED) HHL
22,CE_SDS_2,CE-SDS (NON-REDUCED) HHL,CE-SDS (NON-REDUCED) HHL
23,BIO_CE-SDS_NR,CE-SDS (NON-REDUCED) HHL,CE-SDS (NON-REDUCED) HHL
24,CE_SDS,CE-SDS (NON-REDUCED) AHHL,CE-SDS (NON-REDUCED) HHL
25,CE_SDS,"CE-SDS (NON-REDUCED) SUM OF A(LGG), A(LC) AND A(HHL)",CE-SDS (NON-REDUCED) HHL
26,BIO_CE-SDS_NR,CE-SDS (NON-REDUCED) HHL,CE-SDS (NON-REDUCED) HHL
27,CE_SDS,CE-SDS (NON-REDUCED) HHL PEAK,CE-SDS (NON-REDUCED) HHL
28,CE_SDS_2,CE-SDS (NON-REDUCED) HHL >=LOD,CE-SDS (NON-REDUCED) HHL
29,CE_SDS_2,CE-SDS (NON-REDUCED) HHL>=LOD,CE-SDS (NON-REDUCED) HHL
30,CE_SDS_2,CE-SDS (NON-REDUCED) MINOR PEAK 2(HHL) >DL,CE-SDS (NON-REDUCED) HHL
31,CE_SDS_3,CE-SDS (NON-REDUCED) HHL,CE-SDS (NON-REDUCED) HHL
32,CE_SDS_2,CE-SDS (NON-REDUCED) MIGRATION TIME OF MINOR PEAK 2(HHL),CE-SDS (NON-REDUCED) HHL
33,CE_SDS,CE-SDS (NON-REDUCED) A(HHL,CE-SDS (NON-REDUCED) HHL
34,CE_SDS,CE-SDS (NON-REDUCED) HHL >=LOD,CE-SDS (NON-REDUCED) HHL
35,CE_SDS,CE-SDS (NON-REDUCED) HHL ,CE-SDS (NON-REDUCED) HHL
36,CE_SDS,CE-SDS (NON-REDUCED) HHL,CE-SDS (NON-REDUCED) HHL
37,BIO_CE-SDS_NR,CE-SDS (NON-REDUCED) PURITY,CE-SDS (NON-REDUCED) PURITY
38,CE_SDS,CE-SDS (NON-REDUCED) %PURITY,CE-SDS (NON-REDUCED) PURITY
39,CE_SDS,"CE-SDS (NON-REDUCED),UNKNOWN IMPURITY, RRT 2.06",CE-SDS (NON-REDUCED) PURITY
40,BIO_CE-SDS_NR,CE-SDS (NON-REDUCED) PURITY,CE-SDS (NON-REDUCED) PURITY
41,CE_SDS_3,CE-SDS (NON-REDUCED) PURITY,CE-SDS (NON-REDUCED) PURITY
42,CE_SDS,"CE-SDS (NON-REDUCED),UNKNOWN IMPURITY, RRT 2.01",CE-SDS (NON-REDUCED) PURITY
43,CE_SDS_2,CE-SDS (NON-REDUCED)SUM OF UNDEFINED PEAKS  PURITY,CE-SDS (NON-REDUCED) PURITY
44,CE_SDS_2,CE-SDS (NON-REDUCED): PURITY,CE-SDS (NON-REDUCED) PURITY
45,CE_SDS_2,CE-SDS (NON-REDUCED) % PURITY,CE-SDS (NON-REDUCED) PURITY
46,CE_SDS,CE-SDS (NON-REDUCED) % PURITY,CE-SDS (NON-REDUCED) PURITY
47,CE_SDS,CE-SDS (NON-REDUCED) -(% PURITY),CE-SDS (NON-REDUCED) PURITY
48,CE_SDS,CE-SDS (NON-REDUCED) A(Y) (FOR EACH UNKNOWN IMPURITYRRT2.02),CE-SDS (NON-REDUCED) PURITY
49,CE_SDS,CE-SDS (NON-REDUCED) A(Y) (FOR EACH UNKNOWN IMPURITYRRT1.99),CE-SDS (NON-REDUCED) PURITY
50,CAPILLARY_ELECTROPHORESIS,CGE-SDS Non-Reduced Purity,CE-SDS (NON-REDUCED) PURITY
51,CE_SDS,CE-SDS (NON-REDUCED) PURITY OF HEAVY AND LIGHT CHAIN PEAKS,CE-SDS (NON-REDUCED) PURITY
52,CE_SDS_2,CE-SDS (NON-REDUCED) PURITY,CE-SDS (NON-REDUCED) PURITY
53,CE_SDS,"CE-SDS (NON-REDUCED),UNKNOWN IMPURITY, RRT 2.02",CE-SDS (NON-REDUCED) PURITY
54,CE_SDS,"CE-SDS (NON-REDUCED),UNKNOWN IMPURITY, RRT 1.76",CE-SDS (NON-REDUCED) PURITY
55,CE_SDS_2,CE-SDS (NON-REDUCED) %PURITY,CE-SDS (NON-REDUCED) PURITY
56,CE_SDS,CE-SDS (NON-REDUCED) A(Y) (FOR EACH UNKNOWN IMPURITY 7),CE-SDS (NON-REDUCED) PURITY
57,CE_SDS,CE-SDS (NON-REDUCED) A(Y) (FOR EACH UNKNOWN IMPURITY 6),CE-SDS (NON-REDUCED) PURITY
58,CE_SDS,CE-SDS (NON-REDUCED) A(Y) (FOR EACH UNKNOWN IMPURITY),CE-SDS (NON-REDUCED) PURITY
59,CE_SDS,CE SDS (Non-Reduced) Monomer,CE-SDS (Non-Reduced) purity
60,CE_SDS,CE-SDS (NR) - Corrected Area% of IgG Purity,CE-SDS (Non-Reduced) purity
61,CE_SDS_2,CE-SDS (NON-REDUCED) % PURITY,CE-SDS (NON-REDUCED) PURITY
62,CE_SDS_2,CE-SDS (NON-REDUCED) PURITY,CE-SDS (NON-REDUCED) PURITY
63,CE_SDS,CE-SDS (NON-REDUCED) PURITY,CE-SDS (NON-REDUCED) PURITY
64,CE_SDS,CE-SDS (NON-REDUCED) PURITY,CE-SDS (NON-REDUCED) PURITY
65,CE_SDS,CE-SDS (NON-REDUCED)  PURITY OF MAJOR PEAK,CE-SDS (NON-REDUCED) PURITY
66,CE_SDS_2,CE-SDS (NON-REDUCED) SUM OF UNDEFINED PEAKS PURITY,CE-SDS (NON-REDUCED) PURITY
67,CE_SDS_2,CE-SDS (REDUCED)% PURITY,CE-SDS (REDUCED) PURITY
68,CE_SDS,CE-SDS (REDUCED) -(%PURITY),CE-SDS (REDUCED) PURITY
69,CE_SDS,CE-SDS (REDUCED): PURITY,CE-SDS (REDUCED) PURITY
70,CE_SDS_2,CE-SDS (REDUCED) PURITY OF HEAVY AND LIGHT CHAIN PEAKS,CE-SDS (REDUCED) PURITY
71,CE_SDS,CE-SDS (REDUCED) %  PURITY,CE-SDS (REDUCED) PURITY
72,CAPILLARY_ELECTROPHORESIS_2,CGE-SDS Reduced Purity,CE-SDS (REDUCED) PURITY
73,CE_SDS,"CE-SDS (REDUCED),UNKNOWN IMPURITY, RRT 0.06",CE-SDS (REDUCED) PURITY
74,CE_SDS,"CE-SDS (REDUCED),UNKNOWN IMPURITY, RRT 1.16",CE-SDS (REDUCED) PURITY
75,CE_SDS_2,CE-SDS (REDUCED) PURITY (HC + LC),CE-SDS (REDUCED) PURITY
76,CE_SDS_2,CE-SDS (REDUCED) PURITY ,CE-SDS (REDUCED) PURITY
77,CE_SDS_2,CE-SDS (REDUCED) %PURITY,CE-SDS (REDUCED) PURITY
78,CE_SDS_2,CE-SDS (REDUCED) % PURITY,CE-SDS (REDUCED) PURITY
79,CE_SDS,CE-SDS (REDUCED) % PURITY,CE-SDS (REDUCED) PURITY
80,CE_SDS,CE-SDS (REDUCED) % NGHC PURITY,CE-SDS (REDUCED) PURITY
81,CE_SDS_2,CE-SDS (REDUCED) PURITY (LC+HC+NGHC),CE-SDS (REDUCED) PURITY
82,CE_SDS_2,CGE (Reduced) Total Purity,CE-SDS (REDUCED) PURITY
83,CE_SDS,CE-SDS (REDUCED) PURITY (NON-GLYCOSYLATED HEAVY CHAIN),CE-SDS (REDUCED) PURITY
84,CE_SDS,CE-SDS (REDUCED) PURITY (LIGHT CHAIN),CE-SDS (REDUCED) PURITY
85,CE_SDS,CE-SDS (REDUCED) PURITY (HC+LC+NG-HC),CE-SDS (REDUCED) PURITY
86,CE_SDS,CE-SDS (REDUCED) PURITY (HEAVY CHAIN),CE-SDS (REDUCED) PURITY
87,BIO_CE-SDS_R,CE-SDS (R) PURITY [CE-SDS (REDUCED) PURITY],CE-SDS (REDUCED) PURITY
88,CE_SDS_2,CE-SDS (REDUCED) PURITY (HC+LC),CE-SDS (REDUCED) PURITY
89,CE_SDS,CE-SDS (REDUCED) A(Y) (FOR EACH UNKNOWN IMPURITY),CE-SDS (REDUCED) PURITY
90,CE_SDS,CE-SDS (REDUCED) PURITY OF HEAVY AND LIGHT CHAIN  PEAKS,CE-SDS (REDUCED) PURITY
91,CE_SDS_3,CE-SDS (REDUCED) PURITY,CE-SDS (REDUCED) PURITY
92,CE_SDS_2,CE-SDS (REDUCED) PURITY,CE-SDS (REDUCED) PURITY
93,CE_SDS_2,CE-SDS (REDUCED) PURITY,CE-SDS (REDUCED) PURITY
94,BIO_CE-SDS_R,CE-SDS (REDUCED) PURITY,CE-SDS (REDUCED) PURITY
95,CE_HPLC,CEX Basic Peaks ,CEX BASIC PEAKS
96,CE_HPLC,CEX Acidic Peaks ,CEX ACIDIC PEAKS
97,CE_HPLC_2,CEX-HPLC ACIDIC PEAKS,CEX ACIDIC PEAKS
98,CE_HPLC_2,CEX ACIDIC PEAKS CUMULATIVE AREA,CEX ACIDIC PEAKS
99,CE_HPLC,CEX-HPLC ACIDIC PEAKS,CEX ACIDIC PEAKS
100,CE_HPLC,CEX ACIDIC PEAKS ,CEX ACIDIC PEAKS
101,CE_HPLC,CEX - % ACIDIC PEAKS,CEX ACIDIC PEAKS
102,CE_HPLC,CEX ACIDIC PEAKS CUMULATIVE AREA,CEX ACIDIC PEAKS
103,CE_HPLC,Cation Exchange Chromatography Acidic Peak,CEX ACIDIC PEAKS
104,Y_SM_250658_R,CEX ACIDIC GROUP 0 DECPT,CEX ACIDIC PEAKS
105,Y_SM_250658_R,RM CEX ACIDIC GROUP,CEX ACIDIC PEAKS
106,CE_HPLC,CEX BASIC PEAKS CUMULATIVE AREA,CEX BASIC PEAKS
107,CE_HPLC,CEX-HPLC BASIC PEAKS,CEX BASIC PEAKS
108,CE_HPLC,CEX Basic Group,CEX BASIC PEAKS
109,CE_HPLC,CEX Main Peaks ,CEX MAIN PEAK
110,CE_HPLC,CEX Acidic Group,CEX ACIDIC PEAKS
111,CE_HPLC_2,CEX-HPLC BASIC PEAKS,CEX BASIC PEAKS
112,CE_HPLC_2,CEX BASIC PEAKS CUMULATIVE AREA,CEX BASIC PEAKS
113,CE_HPLC,CEX BASIC PEAKS ,CEX BASIC PEAKS
114,CE_HPLC,CEX - % BASIC PEAKS,CEX BASIC PEAKS
115,CE_HPLC,CEX MAIN PEAKS ,CEX MAIN PEAK
116,CE_HPLC,CEX - % MAIN PEAK,CEX MAIN PEAK
117,CE_HPLC,CEX HPLC MAIN PEAK,CEX MAIN PEAK
118,CE_HPLC,CEX MAIN PEAKS  AREA,CEX MAIN PEAK
119,CE_HPLC,CEX-HPLC (MAIN PEAK),CEX MAIN PEAK
120,CE_HPLC_2,CEX MAIN PEAK ,CEX MAIN PEAK
121,CE_HPLC,CEX-HPLC MAIN PEAK,CEX MAIN PEAK
122,CE_HPLC,CEX MAIN PEAKS,CEX MAIN PEAK
123,CE_HPLC,CEX-HPLC MAIN PEAK AREA,CEX MAIN PEAK
124,CE_HPLC,CEX-% MAIN PEAK,CEX MAIN PEAK
125,HPLC_4,CEX HPLC MAIN PEAK,CEX MAIN PEAK
126,CE_HPLC,CEX MAIN PEAK AREA,CEX MAIN PEAK
127,CE_HPLC,CEX MAIN PEAKS CUMULATIVE AREA,CEX MAIN PEAK
128,CE_HPLC_2,CEX-HPLC MAIN PEAK,CEX MAIN PEAK
129,CE_HPLC,CEX MAIN PEAK,CEX MAIN PEAK
130,CE_HPLC_2,CEX MAIN PEAK CUMULATIVE AREA,CEX MAIN PEAK
131,CE_HPLC,CEX Acidic Group Cumulative Area,CEX ACIDIC PEAKS
132,CE_HPLC,CEX-% Basic Variants,CEX BASIC PEAKS
133,CE_HPLC_2,CEX MAIN PEAK,CEX MAIN PEAK
134,BIO_ICIEF,ICIEF NIVO ACIDIC PEAKS CUMULATIVE AREA,ICIEF ACIDIC PEAKS
135,BIO_ICIEF,ICIEF ACIDIC PEAKS CUMULATIVE AREA {NIVO},ICIEF ACIDIC PEAKS
136,BIO_ICIEF,ICIEF ACIDIC PEAKS CUMULATIVE AREA,ICIEF ACIDIC PEAKS
137,ISOELECTRIC_FOCUSING,ICIEF ACIDIC PEAKS CUMULATIVE AREA,ICIEF ACIDIC PEAKS
138,ICIEF,ICIEF (CHARGE HETEROGENEITY) ACIDIC PEAKS (CUMULATIVE AREA),ICIEF ACIDIC PEAKS
139,BIO_ICIEF,ACIDIC GROUP [ICIEF ALAG3 ACIDIC PEAKS CUMULATIVE AREA],ICIEF ACIDIC PEAKS
140,BIO_ICIEF,ICIEF (ACIDIC PEAKS CUMULATIVE AREA) ,ICIEF ACIDIC PEAKS
141,ICIEF,ICIEF (ACIDIC PEAKS CUMULATIVE AREA)  NIVOLUMAB,ICIEF ACIDIC PEAKS
142,ICIEF_2,ICIEF ACIDIC PEAKS CUMULATIVE AREA,ICIEF ACIDIC PEAKS
143,A_250627,ICIEF ACIDIC PEAKS,ICIEF ACIDIC PEAKS
144,ICIEF,ICIEF ACIDIC PEAKS LAG3 CUMULATIVE AREA,ICIEF ACIDIC PEAKS
145,ICIEF,ICIEF_2 (RESULT) [ ICIEF ACIDIC PEAKS CUMULATIVE AREA],ICIEF ACIDIC PEAKS
146,ICIEF,ICIEF ACIDIC PEAKS NIVO CUMULATIVE AREA,ICIEF ACIDIC PEAKS
147,BIO_ICIEF,ACIDIC GROUP [ICIEF ACIDIC PEAKS CUMULATIVE AREA ALAG3],ICIEF ACIDIC PEAKS
148,ICIEF,ICIEF ACIDIC PEAKS (CUMULATIVE AREA),ICIEF ACIDIC PEAKS
149,ICIEF,ICIEF ACIDIC PEAKS CUMULATIVE AREA BMS -936558,ICIEF ACIDIC PEAKS
150,ICIEF,ICIEF ACIDIC PEAKS CUMULATIVE AREA  BMS -986016,ICIEF ACIDIC PEAKS
151,ICIEF,ICIEF_2 (RESULT) [ICIEF ACIDIC PEAKS CUMULATIVE AREA],ICIEF ACIDIC PEAKS
152,BIO_ICIEF,ICIEF ACIDIC PEAKS ,ICIEF ACIDIC PEAKS
153,BIO_ICIEF,ICIEF ACIDIC PEAKS CUMULATIVE AREA [NIVO],ICIEF ACIDIC PEAKS
154,ICIEF,ICIEF ACIDIC PEAKS CUMULATIVE AREA NIVOLUMAB,ICIEF ACIDIC PEAKS
155,BIO_ICIEF,ICIEF ACIDIC PEAKS CUMULATIVE AREA{ALAG3},ICIEF ACIDIC PEAKS
156,BIO_ICIEF,ICIEFACIDIC PEAKS CUMULATIVE AREA,ICIEF ACIDIC PEAKS
157,ICIEF,ICIEF (ACIDIC PEAKS CUMULATIVE AREA) NIVOLUMAB,ICIEF ACIDIC PEAKS
158,ICIEF,ICIEF SUM OF ACIDIC PEAKS (A% OF ACIDIC GROUP),ICIEF ACIDIC PEAKS
159,ICIEF,ICIEF ACIDIC PEAKS CUMULATIVE AREA,ICIEF ACIDIC PEAKS
160,BIO_ICIEF,ICIEF ANTI LAG 3 ACIDIC PEAKS CUMULATIVE AREA,ICIEF ACIDIC PEAKS
161,ICIEF,ICIEF (ACIDIC PEAKS CUMULATIVE AREA) IPILIMUMAB,ICIEF ACIDIC PEAKS
162,BIO_ICIEF,ICIEF SUM OF ACIDIC PEAKS ,ICIEF ACIDIC PEAKS
163,ICIEF,ICIEF SUM OF ACIDIC PEAKS,ICIEF ACIDIC PEAKS
164,ICIEF_2,ICIEF SUM OF ACIDIC PEAKS (A% OF ACIDIC GROUP),ICIEF ACIDIC PEAKS
165,ICIEF,ICIEF (ACIDIC PEAKS CUMULATIVE AREA),ICIEF ACIDIC PEAKS
166,BIO_ICIEF,ICIEF ACIDIC PEAKS CUMULATIVE AREA{NIVO},ICIEF ACIDIC PEAKS
167,ICIEF,ICIEF ACIDIC PEAKS CUMULATIVE AREA BMS 936558,ICIEF ACIDIC PEAKS
168,ICIEF,ICIEF ACIDIC PEAKS CUMULATIVE AREA BMS 986016,ICIEF ACIDIC PEAKS
169,BIO_ICIEF,ICIEF SUM OF ACIDIC PEAKS (A% OF ACIDIC GROUP),ICIEF ACIDIC PEAKS
170,BIO_ICIEF,ICIEF ACIDIC PEAKS CUMULATIVE AREA {ALAG3},ICIEF ACIDIC PEAKS
171,ICIEF,ICIEF (ACIDIC PEAKS CUMULATIVE AREA) IPI,ICIEF ACIDIC PEAKS
172,BIO_ICIEF,ICIEF SUM OF ACIDIC PEAKS,ICIEF ACIDIC PEAKS
173,ICIEF,cIEF Basic peaks,ICIEF BASIC PEAKS
174,ICIEF,cIEF Acidic peaks,ICIEF ACIDIC PEAKS
175,ICIEF,cIEF Main peak,ICIEF MAIN PEAK
176,ICIEF,ICIEF (ACIDIC PEAKS CUMULATIVE AREA) NIVO,ICIEF ACIDIC PEAKS
177,ICIEF,ICIEF SUM OF BASIC PEAKS,ICIEF BASIC PEAKS
178,BIO_ICIEF,ICIEF BASIC PEAKS CUMULATIVE AREA{ALAG3},ICIEF BASIC PEAKS
179,BIO_ICIEF,ICIEF BASIC PEAKS CUMULATIVE AREA,ICIEF BASIC PEAKS
180,ICIEF,ICIEF (BASIC PEAKS CUMULATIVE AREA) IPILIMUMAB,ICIEF BASIC PEAKS
181,ICIEF,ICIEF BASIC PEAKS CUMULATIVE AREA,ICIEF BASIC PEAKS
182,BIO_ICIEF,ICIEF ANTI LAG 3 BASIC PEAKS CUMULATIVE AREA,ICIEF BASIC PEAKS
183,BIO_ICIEF,ICIEF BASIC PEAKS ,ICIEF BASIC PEAKS
184,BIO_ICIEF,ICIEF BASIC PEAKS CUMULATIVE AREA{NIVO},ICIEF BASIC PEAKS
185,ICIEF,ICIEF BASIC PEAKS NIVO CUMULATIVE AREA,ICIEF BASIC PEAKS
186,BIO_ICIEF,ICIEF (BASIC PEAKS CUMULATIVE AREA),ICIEF BASIC PEAKS
187,BIO_ICIEF,ICIEF SUM OF BASIC PEAKS ,ICIEF BASIC PEAKS
188,ICIEF,ICIEF SUM OF BASIC PEAKS (A% OF BASIC GROUP),ICIEF BASIC PEAKS
189,BIO_ICIEF,ICIEF BASIC PEAKS CUMULATIVE AREA [NIVO],ICIEF BASIC PEAKS
190,BIO_ICIEF,ICIEF NIVO BASIC PEAKS CUMULATIVE AREA,ICIEF BASIC PEAKS
191,BIO_ICIEF,BASIC GROUP [ICIEF BASIC PEAKS CUMULATIVE AREA ALAG3],ICIEF BASIC PEAKS
192,BIO_ICIEF,BASIC GROUP [ICIEF ALAG3 BASIC PEAKS CUMULATIVE AREA],ICIEF BASIC PEAKS
193,BIO_ICIEF,ICIEF BASIC PEAKS CUMULATIVE AREA {ALAG3},ICIEF BASIC PEAKS
194,ISOELECTRIC_FOCUSING,ICIEF BASIC PEAKS CUMULATIVE AREA,ICIEF BASIC PEAKS
195,ICIEF,ICIEF BASIC PEAKS LAG3 CUMULATIVE AREA,ICIEF BASIC PEAKS
196,ICIEF,ICIEF (BASIC PEAKS CUMULATIVE AREA) IPI,ICIEF BASIC PEAKS
197,ICIEF,ICIEF (BASIC PEAKS CUMULATIVE AREA) NIVOLUMAB,ICIEF BASIC PEAKS
198,ICIEF,ICIEF_3 (RESULT) [ICIEF BASIC PEAKS CUMULATIVE AREA],ICIEF BASIC PEAKS
199,BIO_ICIEF,ICIEF SUM OF BASIC PEAKS,ICIEF BASIC PEAKS
200,ICIEF_2,ICIEF BASIC PEAKS CUMULATIVE AREA,ICIEF BASIC PEAKS
201,ICIEF,ICIEF BASIC PEAKS CUMULATIVE AREA BMS 986016,ICIEF BASIC PEAKS
202,ICIEF,ICIEF (BASIC PEAKS CUMULATIVE AREA),ICIEF BASIC PEAKS
203,ICIEF,ICIEF (BASIC PEAKS CUMULATIVE AREA) NIVO,ICIEF BASIC PEAKS
204,ICIEF_2,ICIEF SUM OF BASIC PEAKS (A% OF BASIC GROUP),ICIEF BASIC PEAKS
205,ICIEF,ICIEF (CHARGE HETEROGENEITY) BASIC PEAKS (CUMULATIVE AREA),ICIEF BASIC PEAKS
206,ICIEF,ICIEF (BASIC PEAKS CUMULATIVE AREA)  NIVOLUMAB,ICIEF BASIC PEAKS
207,BIO_ICIEF,ICIEF BASIC PEAKS CUMULATIVE AREA {NIVO},ICIEF BASIC PEAKS
208,ICIEF,ICIEF BASIC PEAKS CUMULATIVE AREA BMS-986016,ICIEF BASIC PEAKS
209,ICIEF,ICIEF BASIC PEAKS CUMULATIVE AREA BMS 936558,ICIEF BASIC PEAKS
210,ICIEF,ICIEF BASIC PEAKS (CUMULATIVE AREA),ICIEF BASIC PEAKS
211,BIO_ICIEF,ICIEF SUM OF BASIC PEAKS (A% OF BASIC GROUP),ICIEF BASIC PEAKS
212,ICIEF,ICIEF MAIN PEAK CUMULATIVE AREA,ICIEF MAIN PEAK
213,ICIEF,ICIEF (MAIN PEAK PI),ICIEF MAIN PEAK
214,ICIEF,ICIEF MAIN PEAK - NIVOLUMAB,ICIEF MAIN PEAK
215,ICIEF,ICIEF MAIN PEAK - ALAG3,ICIEF MAIN PEAK
216,BIO_ICIEF,ICIEF MAIN PEAK,ICIEF MAIN PEAK
217,ICIEF,ICIEF MAIN PEAK AREA,ICIEF MAIN PEAK
218,ICIEF,ICIEF MAIN PEAK,ICIEF MAIN PEAK
219,ISOELECTRIC_FOCUSING,ICIEF MAIN PEAKS CUMULATIVE AREA,ICIEF MAIN PEAK
220,BIO_ICIEF,ICIEF MAIN PEAK AREA RELATLIMAB,ICIEF MAIN PEAK
221,BIO_ICIEF,ICIEF (MAIN PEAK AREA),ICIEF MAIN PEAK
222,ICIEF,ICIEF (MAIN PEAK) NIVOLUMAB,ICIEF MAIN PEAK
223,BIO_ICIEF,ICIEF MAIN PEAK AREA,ICIEF MAIN PEAK
224,ICIEF,ICIEF (MAIN PEAK) IPILIMUMAB,ICIEF MAIN PEAK
225,BIO_ICIEF,ICIEF MAIN PEAK PI,ICIEF MAIN PEAK
226,ICIEF,MAIN PEAK ICIEF,ICIEF MAIN PEAK
227,BIO_ICIEF,ICIEF ANTI LAG 3 MAIN PEAK AREA,ICIEF MAIN PEAK
228,A_250627,ICIEF MAIN PEAK,ICIEF MAIN PEAK
229,ICIEF,ICIEF MAIN PEAKS CUMULATIVE AREA,ICIEF MAIN PEAK
230,ICIEF,ICIEF MAIN PEAK RELATLIMAB (% OF CUMULATIVE AREA),ICIEF MAIN PEAK
231,BIO_ICIEF,ICIEF MAIN PEAK AREA,ICIEF MAIN PEAK
232,ICIEF,ICIEF MAIN PEAK NIVOLUMAB (% OF CUMULATIVE AREA),ICIEF MAIN PEAK
233,BIO_ICIEF,ICIEF MAIN PEAKS CUMULATIVE AREA,ICIEF MAIN PEAK
234,BIO_ICIEF,ICIEF MAIN PEAK AREA NIVOLUMAB,ICIEF MAIN PEAK
235,BIO_ICIEF,ICIEF MAIN PEAK CUMULATIVE AREA,ICIEF MAIN PEAK
236,ICIEF,ICIEF MAIN PEAK A%,ICIEF MAIN PEAK
237,BIO_ICIEF,ICIEF NIVO MAIN PEAK AREA,ICIEF MAIN PEAK
238,ICIEF,ICIEF (RESULT)ICIEF MAIN PEAK AREA,ICIEF MAIN PEAK
239,ICIEF,ICIEF MAIN PEAK PL,ICIEF MAIN PEAK
240,ICIEF,ICIEF MAIN PEAK AREA NIVOLUMAB,ICIEF MAIN PEAK
241,ICIEF,ICIEF MAIN PEAK AREA RELATLIMAB,ICIEF MAIN PEAK
242,ICIEF,ICIEF (MAIN PEAK PL),ICIEF MAIN PEAK
243,ICIEF,ICIEF (MAIN PEAK AREA),ICIEF MAIN PEAK
244,BIO_ICIEF,ICIEF (MAIN PEAK GROUP CUMULATIVE AREA),ICIEF MAIN PEAK
245,BIO_ICIEF,ICIEF MAIN PEAK AREA (ANTI-LAG3),ICIEF MAIN PEAK
246,BIO_ICIEF,ICIEF MAIN PEAK AREA (NIVO),ICIEF MAIN PEAK
247,BIO_ICIEF,MAIN PEAK [ICIEF MAIN PEAK AREA {ALAG3},ICIEF MAIN PEAK
248,ICIEF,ICIEF MAIN PEAKS LAG3 CUMULATIVE AREA,ICIEF MAIN PEAK
249,ICIEF,ICIEF (MAIN PEAKS CUMULATIVE AREA) NIVOLUMAB,ICIEF MAIN PEAK
250,BIO_ICIEF,ICIEF (MAIN PEAK),ICIEF MAIN PEAK
251,ICIEF,ICIEF: MAIN PEAK,ICIEF MAIN PEAK
252,BIO_ICIEF,ICIEF MAIN PEAK AREA {NIVO},ICIEF MAIN PEAK
253,BIO_ICIEF,ICIEF MAIN PEAK AREA {ALAG3},ICIEF MAIN PEAK
254,ICIEF,ICIEF MAIN PEAKS CUMULATIVE AREA BMS-986016,ICIEF MAIN PEAK
255,ICIEF,ICIEF MAIN PEAKS CUMULATIVE AREA BMS-936558,ICIEF MAIN PEAK
256,BIO_ICIEF,ICIEF MAIN PEAKS AREA,ICIEF MAIN PEAK
257,BIO_ICIEF,ICIEF MAIN PEAK A%,ICIEF MAIN PEAK
258,ICIEF,ICIEF (RESULT) [ICIEF MAIN PEAKS CUMULATIVE AREA],ICIEF MAIN PEAK
259,ICIEF_2,ICIEF MAIN PEAK AREA %,ICIEF MAIN PEAK
260,BIO_ICIEF,ICIEF MAIN PEAK AREA ,ICIEF MAIN PEAK
261,ICIEF,IDENTITY (ICIEF)  (MAIN PEAK PI),ICIEF MAIN PEAK
262,BIO_ICIEF,ICIEF MAIN PEAK AREA [NIVO],ICIEF MAIN PEAK
263,ICIEF,ICIEF MAIN PEAK CUMULATIVE AREA BMS 986016,ICIEF MAIN PEAK
264,BIO_ICIEF,ICIEF MAIN PEAKS,ICIEF MAIN PEAK
265,BIO_ICIEF,ICIEF MAIN PEAK CUMULATIVE AREA %,ICIEF MAIN PEAK
266,BIO_ICIEF,ICIEF MAIN PEAK AREA{NIVO},ICIEF MAIN PEAK
267,BIO_ICIEF,ICIEF (MAIN PEAKS CUMULATIVE AREA),ICIEF MAIN PEAK
268,ICIEF,ICIEF (MAIN PEAKS CUMULATIVE AREA) IPILIMUMAB,ICIEF MAIN PEAK
269,BIO_ICIEF,ICIEF MAIN PEAK AREA (NIVOLUMAB),ICIEF MAIN PEAK
270,BIO_ICIEF,ICIEF MAIN PEAK RELATLIMAB (% OF CUMULATIVE AREA),ICIEF MAIN PEAK
271,ICIEF,ICIEF (CHARGE HETEROGENEITY) MAIN PEAK,ICIEF MAIN PEAK
272,BIO_ICIEF,ICIEF MAIN PEAK AREA (RELATLIMAB),ICIEF MAIN PEAK
273,BIO_ICIEF,ICIEF MAIN PEAK ,ICIEF MAIN PEAK
274,ICIEF,ICIEF (MAIN PEAKS CUMULATIVE AREA) IPI,ICIEF MAIN PEAK
275,ICIEF,ICIEF MAIN PEAKS NIVO CUMULATIVE AREA,ICIEF MAIN PEAK
276,ICIEF,ICIEF (MAIN PEAK CUMULATIVE AREA),ICIEF MAIN PEAK
277,ICIEF,ICIEF (MAIN PEAKS CUMULATIVE AREA) NIVO,ICIEF MAIN PEAK
278,ICIEF_2,ICIEF MAIN PEAK AREA,ICIEF MAIN PEAK
279,ICIEF,ICIEF MAIN PEAKS CUMULATIVE AREA BMS 986016,ICIEF MAIN PEAK
280,BIO_ICIEF,ICIEF MAIN PEAK,ICIEF MAIN PEAK
281,ICIEF,ICIEF MAIN PEAKS CUMULATIVE AREA BMS 936558,ICIEF MAIN PEAK
282,ICIEF,ICIEF MAIN PEAK PI,ICIEF MAIN PEAK
283,BIO_ICIEF,MAIN PEAK [ICIEF ALAG3 MAIN PEAK AREA],ICIEF MAIN PEAK
284,BIO_ICIEF,ICIEF MAIN PEAK NIVOLUMAB (% OF CUMULATIVE AREA),ICIEF MAIN PEAK
285,ICIEF_2,ICIEF MAIN PEAK CUMULATIVE AREA,ICIEF MAIN PEAK
286,BIO_ICIEF,CIEF ACIDIC PEAKS,ICIEF ACIDIC PEAKS
287,ICIEF,CIEF ACIDIC PEAKS CUMULATIVE AREA BMS 986016,ICIEF ACIDIC PEAKS
288,ICIEF,CIEF ACIDIC PEAKS,ICIEF ACIDIC PEAKS
289,ISOELECTRIC_FOCUSING,IEF ACIDIC PEAKS (PRE PEAKS),IEF ACIDIC PEAKS
290,ICIEF,CIEF BASIC PEAKS CUMULATIVE AREA BMS 986016,ICIEF BASIC PEAKS
291,ICIEF,CIEF BASIC PEAKS,ICIEF BASIC PEAKS
292,ISOELECTRIC_FOCUSING,IEF BASIC PEAKS (POST PEAKS),IEF BASIC PEAKS
293,BIO_ICIEF,CIEF BASIC PEAKS,ICIEF BASIC PEAKS
294,BIO_ICIEF,CIEF MAIN PEAK,ICIEF MAIN PEAK
295,ISOELECTRIC_FOCUSING,Area% main peak,IEF MAIN PEAK
296,ISOELECTRIC_FOCUSING,Sum area% basic peaks,IEF BASIC PEAKS
297,ISOELECTRIC_FOCUSING,Sum area% acidic peaks,IEF ACIDIC PEAKS
298,ISOELECTRIC_FOCUSING,Sum Area% main peak,IEF MAIN PEAK
299,ISOELECTRIC_FOCUSING,Sum Area% basic peak,IEF BASIC PEAKS
300,ISOELECTRIC_FOCUSING,Sum Area% acidic peak,IEF ACIDIC PEAKS
301,ISOELECTRIC_FOCUSING,IEF MAIN PEAK,IEF MAIN PEAK
302,ICIEF,CIEF MAIN PEAK,ICIEF MAIN PEAK
303,SE_HPLC,SIZE EXCLUSION CHROMATOGRAPHY LMW,SE-HPLC LMW
304,SE_HPLC,SIZE EXCLUSION CHROMATOGRAPHY HMW,SE-HPLC HMW
305,BIOASSAY,MICROSPHERE RELATIVE POTENCY,POTENCY BY CELL-BASED BIOASSAY
306,PH,PH (25 ÃÂ±3OC),PH
307,PH,TEMPERATURE (PH),PH
308,SE_HPLC,SIZE EXCLUSION CHROMATOGRAPHY MONOMER,SE-HPLC MONOMER
309,PH,INDIVIDUAL PH (MEASURED AT 25 DEGREE C),PH
310,PH,PH (MEASURED AT 25 DEGREE C),PH
311,PH,PH ,PH
312,PH,INDIVIDUAL PH ,PH
313,PH,PH,PH
314,PH,PH / 2,PH
315,PH,[INDIVIDUAL PH],PH
316,SE_HPLC,SIZE EXCLUSION CHROMATOGRAPHY AREA% SUM HMWP,SE-HPLC HMW
317,PH,PH / 1,PH
318,SE_HPLC,SIZE EXCLUSION CHROMATOGRAPHY AREA% SUM LMWP,SE-HPLC LMW
319,PH,INIDIVIDUAL PH (MEASURED AT 25 DEGREE C),PH
320,PH,PH (MEASURED AT 25 DEGREE),PH
321,PH,INDIVIDUAL PH (MEASURED AT 25 DEGREEC),PH
322,PH,INDIVIDUAL PH/1,PH
323,PH,PH / 3,PH
324,PH, PH,PH
325,PH,PH INDIVIDUAL,PH
326,PH,PH READING 1 (INDIVIDUAL READING),PH
327,PH,PH 2,PH
328,PH,PH (USP <791> EP: 2.2.3),PH
329,PH,INDIVIDUAL PH (USP <791> EP: 2.2.3),PH
330,PH,PH (22 TO 28 DEG C),PH
331,PH,PH 1,PH
332,SE_HPLC,SIZE EXCLUSION CHROMATOGRAPHY HMWP,SE-HPLC HMW
333,SE_HPLC,SIZE EXCLUSION CHROMATOGRAPHY LMWP,SE-HPLC LMW
334,PH,INIDIVIDUAL PH,PH
335,SE_HPLC,SIZE EXCLUSION CHROMATOGRAPHY AREA% SUM HMW,SE-HPLC HMW
336,SE_HPLC,SIZE EXCLUSION CHROMATOGRAPHY AREA% SUM LMW,SE-HPLC LMW
337,PH,PH AVERAGE,PH
338,SE_HPLC,SIZE EXCLUSION CHROMATOGRAPHY AREA% MONOMER,SE-HPLC MONOMER
339,PH,PH READING 2 (INDIVIDUAL READING),PH
340,PH,PH DETERMINATION AT 25ÃÂ°C,PH
341,PH,AVERAGE PH / PH,PH
342,PH,PH INDIVIDUAL,PH
343,C_JP_PH,PH,PH
344,GBL_95007196,PH,PH
345,M_95007196,PH,PH
346,C_95007196,PH,PH
347,A_USPO156,PH 1DECPT,PH
348,Y_95007196_PH,PH,PH
349,A_95007196,PH 1DECPT,PH
350,Y_250432_PH,PH AT 4 +/ -1 DEGREE C,PH
351,Y_SM_250432_R,PH 1 DECPT,PH
352,D_M00003071,PH,PH
353,D_JP_PH,PH,PH
354,P_M12568,PH,PH
355,T_95007196_PH,PH,PH
356,J_JP_PH,PH,PH
357,D_250432,PH,PH
358,P_M20687,PH,PH
359,Y_JP_PH,JP PH,PH
360,P_7196,PH,PH
361,95007196_PH_DIAF,PH DIAFILTRATION SAMPLE 1,PH
362,P_M15788,PH,PH
363,Y_USPO156_PH,PH,PH
364,R_PH,VALOR DE PH,PH
365,95007196_PH_DIAF,PH DIAFILTRATION SAMPLE 3,PH
366,95007196_PH_BUFF,BUFFER PH,PH
367,Y_GM_95007196_R,PH 1DECPT,PH
368,95007196_PH,PH,PH
369,D_95007196,PH,PH
370,PH,PH REP,PH
371,95007196_PH_DIAF,PH DIAFILTRATION SAMPLE 2,PH
372,J_TC-B-P16,PH,PH
373,JP_PH,PH,PH
374,PH,INDIVIDUAL PH (AT 25+/-3 DEG C),PH
375,PH,INDIVIDUAL PH,PH
376,PH,AVERAGE PH,PH
377,PH,INDIVIDUAL PH,PH
378,PH,PH (AT 25+/-3 DEG C),PH
379,PH_2,PH,PH
380,PH,PH,PH
381,J_TC-B-P15,PH,PH
382,HPLC,POLYSORBATE 80,POLYSORBATE 80
383,Y_SM_250742_R,POLYSORBATE 80 2 DECPT,POLYSORBATE 80
384,POLYSORBATE_80,POLYSORBATE 80 CONTENT,POLYSORBATE 80
385,D_250600,POLYSORBATE 80,POLYSORBATE 80
386,P_M20812,POLYSORBATE 80,POLYSORBATE 80
387,BIOLOGICAL_ASSAY,POLYSORBATE 80,POLYSORBATE 80
388,POLYSORBATE_80,POLYSORBATE 80,POLYSORBATE 80
389,POLYSORBATE_80,POLYSORBATE 80 (PS80),POLYSORBATE 80
390,POLYSORBATE_80,POLYSORBATE 80 ,POLYSORBATE 80
391,C_250600,POLYSORBATE 80,POLYSORBATE 80
392,M_250742,POLYSORBATE 80,POLYSORBATE 80
393,M_250742,POLYSORBATE 80,POLYSORBATE 80
394,A_250600,POLYSORBATE 80,POLYSORBATE 80
395,ELISA_2,POTENCY (ELISA),POTENCY BY BINDING ELISA
396,ELISA_2,BINDING ACTIVITY (ELISA) RELATIVE TO REFERENCE STANDARD,POTENCY BY BINDING ELISA
397,ELISA_BINDING,POTENCY (ELISA) RELATIVE TO REFERENCE STD (RESULT),POTENCY BY BINDING ELISA
398,ELISA_BINDING_2,BINDING POTENCY OF NIVO (ELISA),POTENCY BY BINDING ELISA
399,ELISA,POTENCY BY BINDING ELISA,POTENCY BY BINDING ELISA
400,ELISA_BINDING,BINDING POTENCY OF IPI (ELISA),POTENCY BY BINDING ELISA
401,ELISA_2,POTENCY ELISA RELATIVE TO REFERENCE STANDARD,POTENCY BY BINDING ELISA
402,ELISA_BINDING,POTENCY (ELISA) CD3,POTENCY BY BINDING ELISA
403,ELISA_BINDING_2,POTENCY (ELISA) FCRH5,POTENCY BY BINDING ELISA
404,ACTIVITY_ELISA,BINDING ACTIVITY BY ELISA,POTENCY BY BINDING ELISA
405,ELISA_BINDING,ELISA BINDING POTENCY (TOXIN ON MAB),POTENCY BY BINDING ELISA
406,ELISA_BINDING,POTENCY (ELISA) BINDING CAPACITY RELATIVE TO REFERENCE STAND,POTENCY BY BINDING ELISA
407,ELISA_2,POTENCY (ELISA) FCRH5,POTENCY BY BINDING ELISA
408,ELISA,POTENCY (ELISA) CD3,POTENCY BY BINDING ELISA
409,ELISA_BINDING,POTENCY (ELISA) FCRH5,POTENCY BY BINDING ELISA
410,ELISA_BINDING_2,POTENCY (ELISA),POTENCY BY BINDING ELISA
411,ELISA_BINDING_2,POTENCY (ELISA) CD3,POTENCY BY BINDING ELISA
412,ELISA_BINDING,BINDING ACTIVITY ELISA,POTENCY BY BINDING ELISA
413,ELISA_2,POTENCY BINDING ELISA (RELATIVE POTENCY),POTENCY BY BINDING ELISA
414,ELISA,BINDING ACTIVITY ELISA,POTENCY BY BINDING ELISA
415,ELISA_BINDING,POTENCY BY ELISA,POTENCY BY BINDING ELISA
416,ELISA_BINDING,BINDING ELISA (POTENCY),POTENCY BY BINDING ELISA
417,ACTIVITY_ELISA,BINDING ACTIVITY (ELISA) RELATIVE TO REFERENCE STANDARD,POTENCY BY BINDING ELISA
418,ELISA_BINDING,RELATIVE BINDING ACTIVITY (ELISA),POTENCY BY BINDING ELISA
419,ELISA,RELATIVE POTENCY (ELISA),POTENCY BY BINDING ELISA
420,ELISA_BINDING,ELISA BINDING ACTIVITY RELATIVE TO REFERENCE STANDARD,POTENCY BY BINDING ELISA
421,ELISA,POTENCY (ELISA) BINDING CAPACITY RELATIVE TO REFERENCE STAND,POTENCY BY BINDING ELISA
422,ELISA,POTENCY BY ELISA RELATIVE TO THE REFERENCE STANDARD,POTENCY BY BINDING ELISA
423,ELISA_BINDING,BINDING ACTIVITY(ELISA) NIVOLUMAB(RELATIVE TO REF. STANDARD),POTENCY BY BINDING ELISA
424,ELISA,POTENCY (ELISA) NIVOLUMAB,POTENCY BY BINDING ELISA
425,ELISA_2,BINDING ACTIVITY (ELISA) NIVOLUMAB (RELATIVE TO REF STD),POTENCY BY BINDING ELISA
426,ELISA,BINDING ACTIVITY (ELISA) IPILIMUMAB,POTENCY BY BINDING ELISA
427,C_250685,SLAMF7 BINDING ELISA RELATIVE POTENCY,POTENCY BY BINDING ELISA
428,M_250685,SLAMF7 BINDING ELISA RELATIVE POTENCY,POTENCY BY BINDING ELISA
429,A_USPO1199,BINDING ACTIVITY (ELISA),POTENCY BY BINDING ELISA
430,ELISA,POTENCY BINDING ELISA (RELATIVE POTENCY),POTENCY BY BINDING ELISA
431,ELISA_BINDING,POTENCY (ELISA),POTENCY BY BINDING ELISA
432,ELISA_BINDING,POTENCY (ELISA) (RESULT),POTENCY BY BINDING ELISA
433,A_250629,POTENCY ELISA,POTENCY BY BINDING ELISA
434,Y_250398_BDA,BINDING ACTIVITY [ELISA],POTENCY BY BINDING ELISA
435,ELISA_2,POTENCY ELISA,POTENCY BY BINDING ELISA
436,Y_USPO8224_PTE,POTENCY ELISA,POTENCY BY BINDING ELISA
437,ACTIVITY_ELISA,BINDING ACTIVITY (ELISA),POTENCY BY BINDING ELISA
438,ELISA_2,POTENCY ELISA RELATIVE TO RREFERENCE STANDARD,POTENCY BY BINDING ELISA
439,ELISA,POTENCY (ELISA),POTENCY BY BINDING ELISA
440,ELISA_2,POTENCY BCMA (ELISA),POTENCY BY BINDING ELISA
441,D_250398,BINDING ACTIVITY (ELISA),POTENCY BY BINDING ELISA
442,ELISA_BINDING,POTENCY (BINDING ELISA),POTENCY BY BINDING ELISA
443,ELISA,POTENCY ELISA,POTENCY BY BINDING ELISA
444,ELISA,POTENCY ELISA RELATIVE TO REFERENCE STANDARD,POTENCY BY BINDING ELISA
445,ELISA,POTENCY ELISA RELATIVE TO RREFERENCE STANDARD,POTENCY BY BINDING ELISA
446,ELISA_BINDING,POTENCY (ELISA) NIVOLUMBA,POTENCY BY BINDING ELISA
447,ELISA_3,BINDING ACTIVITY (ELISA) IPILIMUMAB,POTENCY BY BINDING ELISA
448,ELISA_BINDING,POTENCY ELISA,POTENCY BY BINDING ELISA
449,ELISA_2,BINDING ACTIVITY (ELISA) NIVOLUMAB,POTENCY BY BINDING ELISA
450,ELISA_4,BINDING ACTIVITY (ELISA) NIVOLUMAB,POTENCY BY BINDING ELISA
451,ELISA_BINDING,BINDING ACTIVITY (ELISA),POTENCY BY BINDING ELISA
452,ELISA_BINDING,RELATIVE POTENCY BY TARGET BINDING ELISA (OF REFERENCE STAND,POTENCY BY BINDING ELISA
453,ELISA_BINDING,POTENCY BY BLOCKING ELISA,POTENCY BY BINDING ELISA
454,ELISA_BINDING,POTENCY (ELISA) - RELATIVE TO REFERENCE STD (RESULT),POTENCY BY BINDING ELISA
455,ELISA_BINDING,BINDING ACTIVITY BY ELISA RELATIVE TO REFERENCE STANDARD,POTENCY BY BINDING ELISA
456,ELISA_BINDING,POTENCY (ELISA) NIVOLUMAB,POTENCY BY BINDING ELISA
457,Y_USPO12121_PTE,POTENCY ELISA,POTENCY BY BINDING ELISA
458,ELISA_2,RELATIVE POTENCY BY TARGET BINDING ELISA (OF REFERENCE STAND,POTENCY BY BINDING ELISA
459,ELISA_BINDING,POTENCY BY BINDING ELISA,POTENCY BY BINDING ELISA
460,ELISA_2,POTENCY BY ELISA RELATIVE TO THE REFERENCE STANDARD,POTENCY BY BINDING ELISA
461,ELISA,POTENCY BY BLOCKING ELISA,POTENCY BY BINDING ELISA
462,ELISA_BINDING,POTENCY (ELISA) CTLA-4-NF,POTENCY BY BINDING ELISA
463,ELISA_BINDING,Relative Binding Activity,POTENCY BY BINDING ELISA
464,ELISA,POTENCY (ELISA) ,POTENCY BY BINDING ELISA
465,ELISA_BINDING_2,POTENCY BY ELISA BINDING,POTENCY BY BINDING ELISA
466,BIOLOGICAL_ASSAY,POTENCY (CELL-BASED BIOASSAY)-RELATIVE TO REFERENCE STANDARD,POTENCY BY CELL-BASED BIOASSAY
467,BIOLOGICAL_ASSAY,Potency (Cell Based) Relatlimab,POTENCY BY CELL-BASED BIOASSAY
468,BIOLOGICAL_ASSAY,Potency (Cell-Based) Bioassay,POTENCY BY CELL-BASED BIOASSAY
469,BIOASSAY_2,POTENCY (CELL-BASED BIOASSAY),POTENCY BY CELL-BASED BIOASSAY
470,BIOASSAY,POTENCY (CELL-BASED BIOASSAY),POTENCY BY CELL-BASED BIOASSAY
471,BIOASSAY,POTENCY (CELL-BASED BIOASSAY) RELATIVE POTENCY,POTENCY BY CELL-BASED BIOASSAY
472,BIOASSAY_2,POTENCY (CELL-BASED BIOASSAY),POTENCY BY CELL-BASED BIOASSAY
473,BIOLOGICAL_ASSAY,POTENCY (CELL-BASED BIOASSAY),POTENCY BY CELL-BASED BIOASSAY
474,ELISA,POTENCY (CELL-BASED BIOASSAY),POTENCY BY CELL-BASED BIOASSAY
475,BIOASSAY,POTENCY (CELL-BASED BIOASSAY),POTENCY BY CELL-BASED BIOASSAY
476,BIOLOGICAL_ASSAY,POTENCY (CELL-BASED BIOASSAY) RELATIVE TO REFERENCE STANDARD,POTENCY BY CELL-BASED BIOASSAY
477,BIOLOGICAL_ASSAY,POTENCY (CELL-BASED BIOASSAY),POTENCY BY CELL-BASED BIOASSAY
478,BIOLOGICAL_ASSAY,CELL-BASED BIOASSAY (POTENCY RELATIVE TO REFERENCE MATERIAL),POTENCY BY CELL-BASED BIOASSAY
479,P_M15709,BIOASSAY - CELL BASED,POTENCY BY CELL-BASED BIOASSAY
480,GBL_250739,CELL-BASED BIOASSAY,POTENCY BY CELL-BASED BIOASSAY
481,BIOASSAY,CELL-BASED BIOASSAY POTENCY,POTENCY BY CELL-BASED BIOASSAY
482,250193_PROT_CONT,PROTEIN CONCENTRATION SAMPLE READING 3,PROTEIN CONCENTRATION (A280)
483,PROTEIN_CONCENTRATION_NOCALC_3,PROTEIN CONCENTRATION (A280) NIVOLUMAB,PROTEIN CONCENTRATION (A280)
484,PROTEIN_CONCENTRATION_NO_CALC,PROTEIN CONCENTRATION (A280) RELATLIMAB,PROTEIN CONCENTRATION (A280)
485,PROTEIN_CONCENTRATION,PROTEIN CONCENTRATION: A280 (RESULT),PROTEIN CONCENTRATION (A280)
486,PROTEIN_CONCENTRATION,PROTEIN CONCENTRATION: A280 (RESULT),PROTEIN CONCENTRATION (A280)
487,PROTEIN_CONCENTRATION_NOCALC_2,PROTEIN CONCENTRATION (A280) RELATLIMAB ,PROTEIN CONCENTRATION (A280)
488,PROTEIN_CONCENTRATION_NO_CALC,A280 CONCENTRATION(PROTEIN CONCENTRATION),PROTEIN CONCENTRATION (A280)
489,P_M15790,TOTAL PROTEIN CONCENTRATION (A280),PROTEIN CONCENTRATION (A280)
490,PROTEIN_CONCENTRATION_NO_CALC,PROTEIN CONCENTRATION: A280 PERCENT OF LABEL CLAIM,PROTEIN CONCENTRATION (A280)
491,PROTEIN_CONCENTRATION_NO_CALC,TOTAL PROTEIN CONCENTRATION (A280),PROTEIN CONCENTRATION (A280)
492,PROTEIN_CONCENTRATION_NOCALC_2,PROTEIN CONCENTRATION (A280) IPILIMUMAB,PROTEIN CONCENTRATION (A280)
493,PROTEIN_CONCENTRATION_NOCALC_3,PROTEIN CONCENTRATION (A280) RELATLIMAB,PROTEIN CONCENTRATION (A280)
494,PROTEIN_CONCENTRATION_NOCALC_2,PROTEIN CONCENTRATION (A280) NIVOLUMAB,PROTEIN CONCENTRATION (A280)
495,PROTEIN_CONCENTRATION_NOCALC_2,PROTEIN CONCENTRATION (A280) ANTI-LAG3 ,PROTEIN CONCENTRATION (A280)
496,PROTEIN_CONCENTRATION_NOCALC_2,PROTEIN CONCENTRATION (A280) RELATLIMAB,PROTEIN CONCENTRATION (A280)
497,BIO_PROTEIN_CONC_SOLO_VPE,PROTEIN CONCENTRATION (A280) NIVOLUMAB (FIO),PROTEIN CONCENTRATION (A280)
498,PROTEIN_CONCENTRATION_NO_CALC,PROTEIN CONCENTRATION A280,PROTEIN CONCENTRATION (A280)
499,BIO_PROTEIN_CONCENTRATION,PROTEIN CONCENTRATION (A280) RELATLIMAB (FIO),PROTEIN CONCENTRATION (A280)
500,PROTEIN_CONCENTRATION_NO_CALC,PROTEIN CONCENTRATION (A280) ,PROTEIN CONCENTRATION (A280)
501,PROTEIN_CONCENTRATION, PROTEIN CONCENTRATION (A280) RELATLIMAB,PROTEIN CONCENTRATION (A280)
502,PROTEIN_CONCENTRATION,PROTEIN CONCENTRATION (A280) NIVOLUMAB,PROTEIN CONCENTRATION (A280)
503,PROTEIN_CONCENTRATION,PROTEIN CONCENTRATION (A280),PROTEIN CONCENTRATION (A280)
504,BIO_PROTEIN_CONCENTRATION,TOTAL PROTEIN CONCENTRATION (A280),PROTEIN CONCENTRATION (A280)
505,PROTEIN_CONCENTRATION_NO_CALC,PROTEIN CONCENTRATION (A280) IPILIMUMAB,PROTEIN CONCENTRATION (A280)
506,PROTEIN_CONCENTRATION_NO_CALC,PROTEIN CONCENTRATION (A280) NIVOLUMAB,PROTEIN CONCENTRATION (A280)
507,PROTEIN_CONCENTRATION,PROTEIN CONCENTRATION (A280) RELATLIMAB,PROTEIN CONCENTRATION (A280)
508,PROTEIN_CONCENTRATION_NO_CALC,IDENTITY (PROTEIN CONCENTRATION (A280)),PROTEIN CONCENTRATION (A280)
509,PROTEIN_CONCENTRATION_NO_CALC,IDENTITY-PROTEIN CONCENTRATION (A280),PROTEIN CONCENTRATION (A280)
510,BIO_PROTEIN_CONC_SOLO_VPE,PROTEIN CONCENTRATION: A280,PROTEIN CONCENTRATION (A280)
511,PROTEIN_CONCENTRATION_NOCALC_2,PROTEIN CONCENTRATION:  A280,PROTEIN CONCENTRATION (A280)
512,BIO_PROTEIN_CONCENTRATION,TOTAL PROTEIN CONCENTRATION (A280) ,PROTEIN CONCENTRATION (A280)
513,BIO_PROTEIN_CONCENTRATION,PROTEIN CONCENTRATION (A280),PROTEIN CONCENTRATION (A280)
514,PROTEIN_CONCENTRATION_NO_CALC,IDENTITY - PROTEIN CONCENTRATION (A280),PROTEIN CONCENTRATION (A280)
515,PROTEIN_CONCENTRATION_NO_CALC,PROTEIN CONCENTRATION (A280),PROTEIN CONCENTRATION (A280)
516,PROTEIN_CONCENTRATION_NO_CALC,PROTEIN CONCENTRATION (A280) FOR POTENCY DETERMINATION,PROTEIN CONCENTRATION (A280)
517,PROTEIN_CONCENTRATION_NO_CALC,PROTEIN CONCENTRATION: A280 (PERCENT OF LABEL),PROTEIN CONCENTRATION (A280)
518,PROTEIN_CONCENTRATION_NO_CALC,PROTEIN CONCENTRATION - A280,PROTEIN CONCENTRATION (A280)
519,PROTEIN_CONCENTRATION_NOCALC_2,PROTEIN CONCENTRATION (A280) LAG3,PROTEIN CONCENTRATION (A280)
520,PROTEIN_CONCENTRATION, PROTEIN CONCENTRATION (A280) NIVOLUMAB,PROTEIN CONCENTRATION (A280)
521,PROTEIN_CONCENTRATION_NO_CALC,IDENTITY (PROTEIN CONCENTRATION) (A280),PROTEIN CONCENTRATION (A280)
522,BIO_PROTEIN_CONCENTRATION,PROTEIN CONCENTRATION: A280,PROTEIN CONCENTRATION (A280)
523,PROTEIN_CONCENTRATION_NO_CALC,PROTEIN CONCENTRATION: A280,PROTEIN CONCENTRATION (A280)
524,PROTEIN_CONTENT_NO_CALC,PROTEIN CONCENTRATION A280,PROTEIN CONCENTRATION (A280)
525,BIO_PROTEIN_CONC_SOLO_VPE,PROTEIN CONCENTRATION (A280),PROTEIN CONCENTRATION (A280)
526,PROTEIN_CONCENTRATION_NO_CALC,PROTEIN CONCENTRATION:A280,PROTEIN CONCENTRATION (A280)
527,PROTEIN_CONCENTRATION_NOCALC_2,IDENTITY: PROTEIN CONCENTRATION (A280),PROTEIN CONCENTRATION (A280)
528,PROTEIN_CONCENTRATION,PROTEIN CONCENTRATION: A280,PROTEIN CONCENTRATION (A280)
529,95007424_PROT_CONT,PROTEIN CONCENTRATION,PROTEIN CONCENTRATION (A280)
530,C_95007424,PROT CONTENT UV 280NM_READING 3,PROTEIN CONCENTRATION (A280)
531,95007424_PROT_CONT,PROTEIN CONCENTRATION UV A280 NM,PROTEIN CONCENTRATION (A280)
532,C_95007424,PROT CONCENTRATION UV 280 NM_REP 3,PROTEIN CONCENTRATION (A280)
533,95007424_SYSTEM,ABSORBANCE AT 280 STD 4 SECOND BRACKET,PROTEIN CONCENTRATION (A280)
534,PROTEIN_CONCENTRATION_NOCALC_2,PROTEIN CONCENTRATION - A280,PROTEIN CONCENTRATION (A280)
535,SDS_PAGE,SDS-PAGE (NON-REDUCED) PURITY OF MINOR  BAND,SDS-PAGE (NON-REDUCED) PURITY
536,SDS_PAGE,SDS-PAGE (NON-REDUCED) PURITY  OF MINOR BAND 2,SDS-PAGE (NON-REDUCED) PURITY
537,SDS_PAGE,SDS-PAGE (NON-REDUCED) PURITY OF MINOR BAND 3,SDS-PAGE (NON-REDUCED) PURITY
538,SDS_PAGE,SDS-PAGE (NON-REDUCED) PURITY ALL MINOR BANDS,SDS-PAGE (NON-REDUCED) PURITY
539,SDS_PAGE,SDS-PAGE (NON-REDUCED) PURITY OF MINOR BAND 1,SDS-PAGE (NON-REDUCED) PURITY
540,SDS_PAGE,SDS-PAGE (NON-REDUCED) PURITY OF ALL MINOR BAND 2,SDS-PAGE (NON-REDUCED) PURITY
541,SDS_PAGE,SDS-PAGE (NON-REDUCED) PURITY OF  MINOR BAND 5,SDS-PAGE (NON-REDUCED) PURITY
542,SDS_PAGE,SDS-PAGE (NON-REDUCED) PURITY OF ALL MINOR BAND 1,SDS-PAGE (NON-REDUCED) PURITY
543,SDS_PAGE,SDS-PAGE (NON-REDUCED) PURITY OF MINOR BAND 10,SDS-PAGE (NON-REDUCED) PURITY
544,SDS_PAGE,SDS-PAGE (NON-REDUCED) PURITY OF MINOR BAND 11,SDS-PAGE (NON-REDUCED) PURITY
545,SDS_PAGE,SDS-PAGE (NON-REDUCED) PURITY OF MAJOR BAND,SDS-PAGE (NON-REDUCED) PURITY
546,SDS_PAGE,SDS-PAGE (NON-REDUCED) PURITY OF MINOR BAND 1,SDS-PAGE (NON-REDUCED) PURITY
547,SDS_PAGE,SDS-PAGE (NON-REDUCED) PURITY OF MINOR BAND 2,SDS-PAGE (NON-REDUCED) PURITY
548,SDS_PAGE,SDS-PAGE (NON-REDUCED) % PURITY OF MAJOR BAND,SDS-PAGE (NON-REDUCED) PURITY
549,SDS_PAGE,SDS-PAGE (NON-REDUCED) PURITY OF MINOR BAND 3,SDS-PAGE (NON-REDUCED) PURITY
550,SDS_PAGE,SDS-PAGE (NON-REDUCED) PURITY OF MINOR  BAND 3,SDS-PAGE (NON-REDUCED) PURITY
551,SDS_PAGE,SDS-PAGE (NON-REDUCED) PURITY OF MINOR BAND,SDS-PAGE (NON-REDUCED) PURITY
552,SDS_PAGE,SDS-PAGE (NON-REDUCED) PURITY MINOR BAND 2,SDS-PAGE (NON-REDUCED) PURITY
553,SDS_PAGE,SDS-PAGE (NON-REDUCED) PURITY MINOR BAND 1,SDS-PAGE (NON-REDUCED) PURITY
554,SDS_PAGE,SDS-PAGE (NON-REDUCED) PURITY OF MAJOR BAND RELATIVE TO REF,SDS-PAGE (NON-REDUCED) PURITY
555,SDS_PAGE,SDS-PAGE (NON-REDUCED) PURITY OF  MINOR BAND 1,SDS-PAGE (NON-REDUCED) PURITY
556,SDS_PAGE,SDS-PAGE (NON-REDUCED) PURITY,SDS-PAGE (NON-REDUCED) PURITY
557,SDS_PAGE,SDS-PAGE (NON-REDUCED) PURITY OF  MINOR BAND 4,SDS-PAGE (NON-REDUCED) PURITY
558,SDS_PAGE,SDS-PAGE (NON-REDUCED) PURITY OF  MINOR BAND 2,SDS-PAGE (NON-REDUCED) PURITY
559,SDS_PAGE,SDS-PAGE (NON-REDUCED) PURITY  OF MINOR BAND 6,SDS-PAGE (NON-REDUCED) PURITY
560,SDS_PAGE,SDS-PAGE (NON-REDUCED) PURITY OF MINOR BAND 9,SDS-PAGE (NON-REDUCED) PURITY
561,SDS_PAGE,SDS-PAGE (NON-REDUCED) PURITY OF MINOR  BAND,SDS-PAGE (NON-REDUCED) PURITY
562,SDS_PAGE,SDS-PAGE (NON-REDUCED) PURITY OF ALL MINOR BAND 3,SDS-PAGE (NON-REDUCED) PURITY
563,SDS_PAGE,SDS-PAGE (NON-REDUCED) PURITY OF MAJOR BAND,SDS-PAGE (NON-REDUCED) PURITY
564,SDS_PAGE,SDS-PAGE-Reduced Cumulative Purity of Heavy and Light Chains,SDS-PAGE (REDUCED) PURITY
565,250495,SDS COO NONREDUCED MAJOR BAND 1DP,SDS-PAGE (NON-REDUCED) PURITY
566,SDS_PAGE,SDS-PAGE (Red) Purity Of Heavy Chain relative to Ref Std,SDS-PAGE (REDUCED) PURITY
567,SDS_PAGE,SDS-PAGE (Non-Reduced) MW Of Major Band Relative to Ref Std,SDS-PAGE (NON-REDUCED) PURITY
568,SDS_PAGE,CE-SDS Non Reduced - Monomer Band,SDS-PAGE (NON-REDUCED) PURITY
569,SDS_PAGE,SDS-PAGE (NON-REDUCED) PURITY OF MINOR  BAND 2,SDS-PAGE (NON-REDUCED) PURITY
570,SDS_PAGE,SDS-PAGE (NON-REDUCED)PURITY OF MINOR BAND 2,SDS-PAGE (NON-REDUCED) PURITY
571,SDS_PAGE,SDS-PAGE (NON-REDUCED) PURITY OF MINOR BAND 4,SDS-PAGE (NON-REDUCED) PURITY
572,SDS_PAGE,SDS-PAGE (NON-REDUCED) PURITY OF MINOR BAND 8,SDS-PAGE (NON-REDUCED) PURITY
573,SDS_PAGE,SDS-PAGE (NON-REDUCED)PURITY OF MINOR BAND 3,SDS-PAGE (NON-REDUCED) PURITY
574,SDS_PAGE,SDS-PAGE (NON-REDUCED) PURITY OF MINOR BAND 5,SDS-PAGE (NON-REDUCED) PURITY
575,SDS_PAGE,SDS-PAGE (NON-REDUCED) PURITY OF ALL MINOR BANDS,SDS-PAGE (NON-REDUCED) PURITY
576,SDS_PAGE,SDS-PAGE (NON-REDUCED) PURITY OF MINOR BAND 6,SDS-PAGE (NON-REDUCED) PURITY
577,SDS_PAGE,SDS-PAGE (NON-REDUCED)PURITY OF MINOR BAND 1,SDS-PAGE (NON-REDUCED) PURITY
578,SDS_PAGE,SDS-PAGE (NON-REDUCED) PURITY MINOR BAND 4,SDS-PAGE (NON-REDUCED) PURITY
579,SDS_PAGE,SDS-PAGE (NON-REDUCED) PURITY OF MINOR BAND 7,SDS-PAGE (NON-REDUCED) PURITY
580,SDS_PAGE,SDS-PAGE (NON-REDUCED) PURITY OF MINOR  BAND 1,SDS-PAGE (NON-REDUCED) PURITY
581,250192_SDS_PAGE,PURITY MAJOR BANDS NONREDUCED,SDS-PAGE (NON-REDUCED) PURITY
582,SDS_PAGE,SDS-PAGE (NON-REDUCED) PURITY MINOR BAND 3,SDS-PAGE (NON-REDUCED) PURITY
583,SDS_PAGE,SDS-PAGE (REDUCED) PURITY OF MINOR BAND 4,SDS-PAGE (REDUCED) PURITY
584,SDS_PAGE,SDS-PAGE (REDUCED) PURITY OF ALL MINOR BAND 3,SDS-PAGE (REDUCED) PURITY
585,SDS_PAGE,SDS-PAGE (REDUCED) PURITY OF LIGHT CHAIN,SDS-PAGE (REDUCED) PURITY
586,SDS_PAGE,SDS-PAGE (REDUCED) PURITY OF ALL MINOR BAND 5,SDS-PAGE (REDUCED) PURITY
587,SDS_PAGE,SDS-PAGE (REDUCED) PURITY OF ALL MINOR BAND 2,SDS-PAGE (REDUCED) PURITY
588,SDS_PAGE,SDS-PAGE (REDUCED) PURITY OF MINOR BAND 2,SDS-PAGE (REDUCED) PURITY
589,SDS_PAGE,SDS-PAGE (REDUCED) PURITY OF MINOR BAND 1,SDS-PAGE (REDUCED) PURITY
590,SDS_PAGE,SDS-PAGE (REDUCED) PURITY OF MINOR BAND 3,SDS-PAGE (REDUCED) PURITY
591,SDS_PAGE,SDS-PAGE (REDUCED) PURITY OF ALL MINOR BAND 4,SDS-PAGE (REDUCED) PURITY
592,SDS_PAGE,SDS-PAGE (REDUCED) PURITY OF MINOR BAND 1,SDS-PAGE (REDUCED) PURITY
593,SDS_PAGE,SDS-PAGE (REDUCED) PURITY OF MINOR BAND 3,SDS-PAGE (REDUCED) PURITY
594,SDS_PAGE,SDS-PAGE (REDUCED) PURITY OF MINOR BAND 5,SDS-PAGE (REDUCED) PURITY
595,SDS_PAGE,SDS-PAGE (REDUCED) PURITY OF HEAVY CHAIN REL TO REF STD,SDS-PAGE (REDUCED) PURITY
596,SDS_PAGE,SDS-PAGE (REDUCED)_1 [RESULTS] PURITY NON-MAIN BANDS <BSA,SDS-PAGE (REDUCED) PURITY
597,SDS_PAGE,SDS-PAGE (REDUCED) PURITY OF HEAVY AND LIGHT CHAIN BANDS,SDS-PAGE (REDUCED) PURITY
598,SDS_PAGE,SDS-PAGE (REDUCED)  PURITY OF HEAVY AND LIGHT CHAINS,SDS-PAGE (REDUCED) PURITY
599,SDS_PAGE,SDS-PAGE (REDUCED) PURITY OF MINOR BAND 2,SDS-PAGE (REDUCED) PURITY
600,SDS_PAGE,SDS-PAGE (REDUCED) PURITY OF LIGHT CHAIN REL TO REF STD,SDS-PAGE (REDUCED) PURITY
601,SDS_PAGE,SDS-PAGE (REDUCED) PURITY OF HEAVY AND LIGHT CHAIN BANDS,SDS-PAGE (REDUCED) PURITY
602,SDS_PAGE,SDS-PAGE (REDUCED) PURITY OF HEAVY CHAIN RELATIVE TO REF STD,SDS-PAGE (REDUCED) PURITY
603,SDS_PAGE,SDS-PAGE (REDUCED) PURITY MINOR BAND 3,SDS-PAGE (REDUCED) PURITY
604,SDS_PAGE,SDS-PAGE (REDUCED) PURITY OF HEAVY CHAIN,SDS-PAGE (REDUCED) PURITY
605,SDS_PAGE,SDS-PAGE (REDUCED) PURITY HEAVY & LIGHT CHAIN,SDS-PAGE (REDUCED) PURITY
606,SDS_PAGE,SDS-PAGE (REDUCED) PURITY OF LIGHT CHAIN RELATIVE TO REF STD,SDS-PAGE (REDUCED) PURITY
607,SDS_PAGE,SDS-PAGE (REDUCED) PURITY MINOR BAND 2,SDS-PAGE (REDUCED) PURITY
608,SDS_PAGE,SDS-PAGE (REDUCED) PURITY OF HEAVY CHAIN RELATIVE TO REF STD,SDS-PAGE (REDUCED) PURITY
609,SDS_PAGE,SDS-PAGE (REDUCED) PURITY MINOR BAND 1,SDS-PAGE (REDUCED) PURITY
610,SDS_PAGE,SDS-PAGE (REDUCED) PURITY OF LIGHT CHAIN RELATIVE TO REF STD,SDS-PAGE (REDUCED) PURITY
611,SDS_PAGE,SDS-PAGE (REDUCED) PURITY OF MINOR BAND 9,SDS-PAGE (REDUCED) PURITY
612,SDS_PAGE,SDS-PAGE (REDUCED) PURITY OF HEAVY AND LIGHT CHAIN BANDS,SDS-PAGE (REDUCED) PURITY
613,SDS_PAGE,SDS-PAGE (REDUCED)PURITY OF ALL MINOR BAND 1,SDS-PAGE (REDUCED) PURITY
614,SDS_PAGE,SDS-PAGE (REDUCED) PURITY OF MINOR BAND 4,SDS-PAGE (REDUCED) PURITY
615,SDS_PAGE,SDS-PAGE (REDUCED) PURITY OF MINOR BAND 5,SDS-PAGE (REDUCED) PURITY
616,SDS_PAGE,SDS-PAGE (REDUCED) PURITY OF MINOR BAND 7,SDS-PAGE (REDUCED) PURITY
617,SDS_PAGE,SDS-PAGE (REDUCED) PURITY OF MINOR BAND 6,SDS-PAGE (REDUCED) PURITY
618,SDS_PAGE,SDS-PAGE (REDUCED) PURITY OF MINOR BAND 8,SDS-PAGE (REDUCED) PURITY
619,SDS_PAGE,SDS-PAGE (REDUCED) PURITY OF MINOR BAND 10,SDS-PAGE (REDUCED) PURITY
620,SDS_PAGE,SDS-PAGE (REDUCED) PURITY OF HEAVY AND LIGHT CHAIN,SDS-PAGE (REDUCED) PURITY
621,SDS_PAGE,SDS-PAGE (REDUCED) SUM OF PURITY OF HEAVY AND LIGHT CHAINS,SDS-PAGE (REDUCED) PURITY
622,250657_SIZE_HOMOG,MONOMER,SE-HPLC MONOMER
623,250657_SIZE_HOMOG,HMW,SE-HPLC HMW
624,250657_SIZE_HOMOG,LMW,SE-HPLC LMW
625,Y_USPO8205_SEC,LMW,SE-HPLC LMW
626,SE_HPLC_4,SE-HPLC HMW SPECIES (CUMULATIVE AREA),SE-HPLC HMW
627,SE_HPLC,HMW Retention Time (Result),SE-HPLC HMW
628,SE_HPLC,LMW Retention Time (Result),SE-HPLC LMW
629,SE_HPLC_4,SE-HPLC HMW (AREA) PEAK 3,SE-HPLC HMW
630,SE_HPLC,SE-HPLC- HMW,SE-HPLC HMW
631,BIO_SE-HPLC,SE-HPLC HIGH MOLECULAR WEIGHT(HMW) SPECIES,SE-HPLC HMW
632,SE_HPLC,SE-HPLC HMW SPECIES,SE-HPLC HMW
633,SE_HPLC,SE-HPLC HMW,SE-HPLC HMW
634,SE_HPLC_4,SE-HPLC HIGH MOLECULAR WEIGHT (HMW) SPECIES,SE-HPLC HMW
635,SE_HPLC_2,SE-HPLC HMW,SE-HPLC HMW
636,BIO_SE-HPLC,SE-HPLC HMW,SE-HPLC HMW
637,SE_HPLC_2,SE-HPLC HIGH MOLECULAR WEIGHT (HMW) SPECIES,SE-HPLC HMW
638,BIO_SE-HPLC,SE-HPLC HMW SPECIES,SE-HPLC HMW
639,BIO_SE-HPLC,SE-HPLC HIGH MOLECULAR WEIGHT (HMW) SPECIES,SE-HPLC HMW
640,SE_HPLC_4,SE-HPLC HMW (AREA) PEAK 1,SE-HPLC HMW
641,SE_HPLC,SE-HPLC AREA% SUM HMWP,SE-HPLC HMW
642,SE_HPLC,"SE-HPLC, %HMW",SE-HPLC HMW
643,SE_HPLC_4,SE-HPLC HMW (AREA) PEAK 2,SE-HPLC HMW
644,SE_HPLC,SE-HPLC HIGH MOLECULAR WEIGHT (HMW) SPECIES,SE-HPLC HMW
645,SE_HPLC,Size Exclusion Chromatography Monomer,SE-HPLC MONOMER
646,SE_HPLC,Size Exclusion Chromatography HMW,SE-HPLC HMW
647,SE_HPLC,Size Exclusion Chromatography LMW,SE-HPLC LMW
648,SE_HPLC,SE-HPLC HIGH MOLECULAR WEIGHT (HMW),SE-HPLC HMW
649,SE_HPLC_2,SE-HPLC LMW,SE-HPLC LMW
650,SE_HPLC,SE-HPLC AREA% SUM LMWP,SE-HPLC LMW
651,SE_HPLC_4,SE-HPLC LMW (AREA) PEAK 4,SE-HPLC LMW
652,BIO_SE-HPLC,SE-HPLC LMW,SE-HPLC LMW
653,SE_HPLC_4,SE-HPLC LMW (AREA) PEAK 1,SE-HPLC LMW
654,SE_HPLC_4,SE-HPLC LOW MOLECULAR WEIGHT (LMW) SPECIES,SE-HPLC LMW
655,BIO_SE-HPLC,SE-HPLC LOW MOLECULAR WEIGHT (LMW) SPECIES,SE-HPLC LMW
656,SE_HPLC,SE-HPLC LOW MOLECULAR WEIGHT (LMW),SE-HPLC LMW
657,BIO_SE-HPLC,SE-HPLC LOW MOLECULAR WEIGHT(LMW) SPECIES,SE-HPLC LMW
658,SE_HPLC,SE-HPLC LMW,SE-HPLC LMW
659,SE_HPLC,"SE-HPLC, % LMW",SE-HPLC LMW
660,SE_HPLC_4,SE-HPLC LMW (AREA) PEAK 3,SE-HPLC LMW
661,SE_HPLC,SE-HPLC LOW MOLECULAR WEIGHT (LMW) SPECIES,SE-HPLC LMW
662,SE_HPLC_4,SE-HPLC LMW (AREA) PEAK 2,SE-HPLC LMW
663,SE_HPLC_4,SE-HPLC LMW SPECIES (CUMULATIVE AREA),SE-HPLC LMW
664,SE_HPLC,SE-HPLC LMW SPECIES,SE-HPLC LMW
665,BIO_SE-HPLC,SE-HPLC LMW SPECIES,SE-HPLC LMW
666,SE_HPLC,SE-HPLC- LMW,SE-HPLC LMW
667,SE_HPLC,SE-HPLC HIGH MOLECULAR WEIGHT (LMW) SPECIES,SE-HPLC LMW
668,SE_HPLC_2,SE-HPLC LOW MOLECULAR WEIGHT (LMW) SPECIES,SE-HPLC LMW
669,BIO_SE-HPLC,SE-HPLC MONOMER PEAK,SE-HPLC MONOMER
670,HPLC,SE-HPLC  MONOMER,SE-HPLC MONOMER
671,HPLC,SE-HPLC MONOMER RETENTION TIME,SE-HPLC MONOMER
672,SE_HPLC,SE-HPLC MONOMER RETENTION TIME,SE-HPLC MONOMER
673,SE_HPLC,SE-HPLC MONOMER,SE-HPLC MONOMER
674,HPLC,SE-HPLC  MONOMER RETENTION TIME,SE-HPLC MONOMER
675,SE_HPLC,SE-HPLC (GPC) MONOMER,SE-HPLC MONOMER
676,BIO_SE-HPLC,SE-HPLC PURITY (MONOMER),SE-HPLC MONOMER
677,SE_HPLC,SE-HPLC (GP)  MONOMER,SE-HPLC MONOMER
678,SE_HPLC,HPLC-SEC Monomer,SE-HPLC MONOMER
679,SE_HPLC_4,SE-HPLC LMW species (Cumulative Area),SE-HPLC LMW
680,SE_HPLC_4,SE-HPLC HMW species (Cumulative Area),SE-HPLC HMW
681,SE_HPLC_4,SE-HPLC Purity (Monomer),SE-HPLC MONOMER
682,BIO_SE-HPLC,SE HPLC High Molecular Weight (HMW) Species,SE-HPLC HMW
683,BIO_SE-HPLC,SE HPLC Monomer,SE-HPLC MONOMER
684,BIO_SE-HPLC,SE HPLC Low Molecular Weight (LMW) Species,SE-HPLC LMW
685,SE_HPLC_4,SE-HPLC PURITY (MONOMER),SE-HPLC MONOMER
686,BIO_SE-HPLC,SE-HPLC PURITY MONOMER,SE-HPLC MONOMER
687,SE_HPLC_4,SE-HPLC MONOMER,SE-HPLC MONOMER
688,SE_HPLC,SE-HPLC (GP) MONOMER,SE-HPLC MONOMER
689,SE_HPLC_2,SE-HPLC MONOMER,SE-HPLC MONOMER
690,SE_HPLC,SE-HPLC AREA% MONOMER,SE-HPLC MONOMER
691,BIO_SE-HPLC,SE-HPLC MONOMER,SE-HPLC MONOMER
692,SE_HPLC,SE-UPLC HIGH MOLECULAR WEIGHT (HMW) SPECIES,SE-UPLC HMW
693,SE_HPLC,SE-UPLC HMW SPECIES,SE-UPLC HMW
694,BIO_SE-HPLC,SE-UPLC HMW SPECIES,SE-UPLC HMW
695,BIO_SE-HPLC,SE-UPLC HIGH MOLECULAR WEIGHT (HMW),SE-UPLC HMW
696,BIO_SE-HPLC,SE-UPLC HMW SPECIES,SE-UPLC HMW
697,BIO_SE-HPLC,SIZE EXCLUSION UPLC (SE-UPLC) HMW,SE-UPLC HMW
698,BIO_SE-HPLC,SE-UPLC HIGH MOLECULAR WEIGHT (HMW) SPECIES,SE-UPLC HMW
699,BIO_SE-HPLC,SE-UPLC HIGH MOLECULAR (HMW) SPECIES,SE-UPLC HMW
700,BIO_SE-HPLC,SE-UPLC - HIGH MOLECULAR WEIGHT (HMW) SPECIES,SE-UPLC HMW
701,BIO_SE-HPLC,SE-UPLC Total main peak,SE-UPLC MONOMER
702,BIO_SE-HPLC,SE-UPLC TOTAL HMW SPECIES,SE-UPLC HMW
703,SE_HPLC,SE-UPLC LMW SPECIES,SE-UPLC LMW
704,BIO_SE-HPLC,SE-UPLC TOTAL LMW SPECIES,SE-UPLC LMW
705,BIO_SE-HPLC,SE-UPLC LOW MOLECULAR (LMW) SPECIES,SE-UPLC LMW
706,BIO_SE-HPLC,SE-UPLC LOW MOLECULAR WEIGHT (LMW) SPECIES,SE-UPLC LMW
707,BIO_SE-HPLC,SE-UPLC LMW SPECIES,SE-UPLC LMW
708,BIO_SE-HPLC,SIZE EXCLUSION UPLC (SE-UPLC) LMW,SE-UPLC LMW
709,BIO_SE-HPLC,SE-UPLC LMW SPECIES,SE-UPLC LMW
710,SE_HPLC,SE-UPLC LOW MOLECULAR WEIGHT (LMW) SPECIES,SE-UPLC LMW
711,SE_HPLC_2,SEC LMW (HPLC),SE-HPLC LMW
712,SE_HPLC_2,SEC Monomer (HPLC),SE-HPLC MONOMER
713,SE_HPLC_2,SEC HMW (HPLC),SE-HPLC HMW
714,BIO_SE-HPLC,SE-UPLC LOW MOLECULAR WEIGHT (LMW),SE-UPLC LMW
715,SE_HPLC,SE-UPLC MONOMER,SE-UPLC MONOMER
716,BIO_SE-HPLC,SE-UPLC MONOMER,SE-UPLC MONOMER
717,BIO_SE-HPLC,SIZE EXCLUSION UPLC (SE-UPLC) MONOMER,SE-UPLC MONOMER
718,BIO_SE-HPLC,SE-UPLC MONOMER PEAK,SE-UPLC MONOMER
719,PARTICULATE_MATTER_MICROSCOPY,Microflow imaging >=25 micrometers,Particulate-Matter >= 25-um
720,PARTICLE_MATTER,TOTAL PARTICLE COUNT 25åµ,Particulate-Matter >= 25-um
721,PARTICULATE_MATTER_MICRO_2,Particulate Matter  10 - 25 micrometers,Particulate-Matter >= 10-um
722,PARTICULATE_MATTER_MICROSCOPY,Microflow imaging >= 10-25 micrometer particle,Particulate-Matter >= 10-um
723,PARTICULATE_MATTER_MICROSCOPY,Microflow imaging >= 25 micrometer particle,Particulate-Matter >= 25-um
724,PARTICULATE_MATTER_MICROSCOPY,(Particulate Matter > = 25 micrometer),Particulate-Matter >= 25-um
725,PARTICULATE_MATTER_MICROSCOPY,Particulate Matter (MFI) >=25 micrometers,Particulate-Matter >= 25-um
726,PARTICULATE_MATTER_MICROSCOPY,Subvisible Particulate Matter[Particulate Matter >/=25 uM),Particulate-Matter >= 25-um
727,PARTICULATE_MATTER_MICROSCOPY,Particulate Matter >= 25 micrometers,Particulate-Matter >= 25-um
728,PARTICULATE_MATTER_MICROSCOPY,Particulate Matter_4>=25 micrometers,Particulate-Matter >= 25-um
729,PARTICULATE_MATTER_MICROSCOPY,Particulate Matter >= 25 um,Particulate-Matter >= 25-um
730,PARTICULATE_MATTER_MICROSCOPY,Subvisible Particulate Matter[Particulate Matter >/= 25 uM),Particulate-Matter >= 25-um
731,95007433,SUM OF PARTICLES PER CONTAINER 25 MICRON,Particulate-Matter >= 25-um
732,BIO_PARTICULATE_MATTER,Particles >= 10 Microns (Concentrate),Particulate-Matter >= 10-um
733,PARTICULATE_MATTER,Particulate Matter (HIAC) >= 25 micrometers,Particulate-Matter >= 25-um
734,PARTICULATE_MATTER_MICROSCOPY,Subvisible Particulate Matter[Particulate Matter >/= 10 uM),Particulate-Matter >= 10-um
735,BIO_PARTICULATE_MATTER,Particulate Matter (HIAC) >= 10 micrometers,Particulate-Matter >= 10-um
736,BIO_PARTICULATE_MATTER,Particulate Matter (HIAC) >= 25 micrometers,Particulate-Matter >= 25-um
737,PARTICULATE_MATTER,Particulate Matter (HIAC) >= 10 micrometers,Particulate-Matter >= 10-um
738,BIO_PARTICULATE_MATTER,Particles >= 25 Microns (Concentrate),Particulate-Matter >= 25-um
739,95007433,TOTAL  PARTICLES PER CONTAINER 25 MICRON,Particulate-Matter >= 25-um
740,A_250601,PARTICULATE MATTER 10 MICRONS,Particulate-Matter >= 10-um
741,250195,HIAC EQUAL GREATER THAN 25 MICRONS,Particulate-Matter >= 25-um
742,PARTICULATE_MATTER,Sub-Visible Particulate Matter >= 10 micrometers,Particulate-Matter >= 10-um
743,PARTICULATE_MATTER,Sub-Visible Particulate Matter >= 25 micrometers,Particulate-Matter >= 25-um
744,PARTICULATE_MATTER,Subvisible Particles (HIAC) >= 10 micrometers,Particulate-Matter >= 10-um
745,PARTICULATE_MATTER_MICRO_2,Particulate Matter (Microscopy) >= 25 micrometers,Particulate-Matter >= 25-um
746,PARTICULATE_MATTER_MICROSCOPY,Microflow imaging >=25 micrometer particle,Particulate-Matter >= 25-um
747,PARTICULATE_MATTER_MICROSCOPY,Microflow imaging >=10 - <25 micrometer particle,Particulate-Matter >= 10-um
748,C_95007433,TOTAL  PARTICLES PER CONTAINER 10 MICRON,Particulate-Matter >= 10-um
749,PARTICULATE_MATTER_MICROSCOPY,Microflow imaging >=10 micrometer particle,Particulate-Matter >= 10-um
750,PARTICULATE_MATTER_MICROSCOPY,Particulate Matter (HIAC) >=10 micrometers,Particulate-Matter >= 10-um
751,PARTICULATE_MATTER_MICROSCOPY,Particulate Matter_3>=10-25 micrometers,Particulate-Matter >= 10-um
752,PARTICULATE_MATTER_MICROSCOPY,Particulate Matter >=10-25 micrometers,Particulate-Matter >= 10-um
753,A_250601,PARTICULATE MATTER 25 MICRONS,Particulate-Matter >= 25-um
754,D_250601,TOTAL PARTICLES 25 MICRON,Particulate-Matter >= 25-um
755,C_250602,PARTICLES >=25 MICRONS,Particulate-Matter >= 25-um
756,GBL_250602,PARTICLES >=10 MICRONS,Particulate-Matter >= 10-um
757,C_250601,TOTAL PARTICLES 10 MICRON,Particulate-Matter >= 10-um
758,CE_HPLC,Cation Exchange Chromatography Acidic Peak,CEX ACIDIC PEAKS
759,ISOELECTRIC_FOCUSING,iCIEF Basic Peaks Cumulative Area,ICIEF BASIC PEAKS
760,ISOELECTRIC_FOCUSING,iCIEF Main Peaks Cumulative Area,ICIEF MAIN PEAK
761,ISOELECTRIC_FOCUSING,iCIEF Acidic Peaks Cumulative Area,ICIEF ACIDIC PEAKS
762,P_M15709,BIOASSAY - CELL BASED,Potency by Cell-Based Bioassay
763,RP_HPLC,RP-HPLC nonPEGylated aCD28,RP-HPLC Purity
764,RP_HPLC,RP-HPLC monopeg purity,RP-HPLC Purity
765,HPLC,RP-HPLC unPEGylated FGF21,RP-HPLC Purity
766,RP_HPLC,Pre-Peaks,RP-HPLC Purity
767,RP_HPLC,RP HPLC Post-Peak,RP-HPLC Purity
768,RP_HPLC,RP HPLC Pre-Peak,RP-HPLC Purity
769,RP_HPLC,RP HPLC nonPEGylated aCD28 peak,RP-HPLC Purity
770,RP_HPLC,Titer,RP-HPLC Purity
771,RP_HPLC_2,RP HPLC/ELSD Free PEG Main Peak,RP-HPLC Purity
772,HPLC,RP-HPLC Main Peaks,RP-HPLC Purity
773,RP_HPLC,RP HPLC Unformatted aCD28,RP-HPLC Purity
774,RP_HPLC,RP HPLC Pre Peaks,RP-HPLC Purity
775,RP_HPLC,"Purity, RP-HPLC",RP-HPLC Purity
776,RP_HPLC_2,Free PEG (RP-HPLC),RP-HPLC Purity
777,RP_HPLC,RP-HPLC Purity (Main Peak),RP-HPLC Purity
778,HPLC,Reversed Phase Main Peak,RP-HPLC Purity
779,RP_HPLC,Protein ratio (Ipilimumab/nivolumab),RP-HPLC Purity
780,RP_HPLC,Residual Free Drug,RP-HPLC Purity
781,RP_HPLC_2,ree PEG - RP HPLC/ELSD,RP-HPLC Purity
782,RP_HPLC,Anti-LAG3 peak area,RP-HPLC Purity
783,HPLC,RP-HPLC Main Peaks,RP-HPLC Purity
784,HPLC,RP-HPLC Post-Peaks,RP-HPLC Purity
785,RP_HPLC,RP HPLC 938787 Methionyl-anti IL23,RP-HPLC Purity
786,HPLC,RP HPLC 938787Acetyl- anti IL23,RP-HPLC Purity
787,Y_SM_250196_R,B7 BINDING  SPR,SPR Binding activity
788,Y_SM_95007441_R,B7 BINDING  SPR,SPR Binding activity
789,Y_SM_250519_R,B7 BINDING SPR,SPR Binding activity
790,Y_SM_250196_R,RM B7 BINDING  SPR,SPR Binding activity
791,Y_SM_95007441_R,RM B7 BINDING  SPR,SPR Binding activity
792,Y_SM_250519_R,RM B7 BINDING SPR,SPR Binding activity
793,CD137_BINDING_SPR_ASSAY,CD137 Binding (Surface Plasmon Resonance),SPR Binding activity
794,B7_BINDING_BIACORE_ASSAY,B7 Binding (Surface Plasmon Resonance),SPR Binding activity
795,BINDING_SPR,Binding Assay SPR Result (ka1),SPR Binding activity
796,BINDING_SPR,Binding Assay SPR Result (kd1),SPR Binding activity
797,B7_BINDING_BIACORE_ASSAY,B7 Binding Biacore Assay Result (Surface Plasmon Resonance),SPR Binding activity
798,95007441_B7_BINDING,B7 BINDING BIACORE RESULT,SPR Binding activity
799,95007441_B7_BINDING,B7 BINDING BIACORE RESULT 6,SPR Binding activity
800,A_250519,B7 BINDING (SURFACE PLASMON RESONANCE),SPR Binding activity
801,A_250196,B7 BINDING (SURFACE PLASMON RESONANCE),SPR Binding activity
802,A_95007441,B7 BIND. SURF. PLASM. RES. SYRACUSE,SPR Binding activity
803,B7_BINDING_BIACORE_ASSAY,B7 Binding (Surface Plasmon Resonance),SPR Binding activity
804,95007441_B7_BINDING,B7 BINDING BIACORE RESULT,SPR Binding activity
805,ELISA,Potency (Cell-Based Bioassay),Potency by Cell-Based Bioassay
806,ELISA,Functional Potency by Cell-Based Assay (of Reference Standar,Potency by Cell-Based Bioassay
807,D_250475,IL2 INHIBITION ASSAY,Potency by Cell-Based Bioassay
808,D_250207,HUMAN CELL IL-2 INHIBITION ASSAY,Potency by Cell-Based Bioassay
809,POTENCY_1,Potency NKG2D (SPR),SPR Binding activity
810,D_M00002527,PURITY REDUCED MAJOR BAND,CE-SDS (REDUCED) PURITY
811,CE_SDS,CE SDS (Non-Reduced) Monomer,CE-SDS (NON-REDUCED) PURITY
812,CE_SDS,CE-SDS Reduced sum of heavy and light chain peaks,CE-SDS (REDUCED) PURITY
813,CE_SDS,CE-SDS (NR) - Corrected Area% of IgG Purity,CE-SDS (NON-REDUCED) PURITY
814,CE_SDS_2,CGE(Reduced) Purity (LC and HC peaks),CE-SDS (REDUCED) PURITY
815,CE_SDS_2,CE-SDS (Reduced) Purity of heavy and light chain peaks,CE-SDS (REDUCED) PURITY
816,CE_SDS,CE-SDS (Non-reduced) HHL Peak,CE-SDS (NON-REDUCED) HHL
817,CE_SDS_2,CGE (Reduced) Purity (HC+LC),CE-SDS (REDUCED) PURITY
818,CE-SDS (Non-Reduced) ,HHL,CE-SDS (Non-Reduced) HHL
819,CE-SDS (Non-Reduced) ,Purity,CE-SDS (Non-Reduced) Purity
820,CE-SDS (Reduced) ,Purity,CE-SDS (Reduced) Purity
821,SDS-PAGE (Non-Reduced),Purity,SDS-PAGE (Non-Reduced) Purity
822,SDS-PAGE (Reduced),Purity,SDS-PAGE (Reduced) Purity
823,RP-HPLC,Purity (Main Peak),RP-HPLC Purity
824,IEF,Acidic Peaks,IEF Acidic Peaks
825,IEF,Basic Peaks,IEF Basic Peaks
826,IEF,Main Peak,IEF Main Peak
827,iCIEF,Acidic Peaks,iCIEF Acidic Peaks
828,iCIEF,Basic Peaks,iCIEF Basic Peaks
829,iCIEF,Main Peak,iCIEF Main Peak
830,CEX,Acidic Peaks,CEX Acidic Peaks
831,CEX,Basic Peaks,CEX Basic Peaks
832,CEX,Main Peak,CEX Main Peak
833,AEX,Acidic Peaks,AEX Acidic Peaks
834,AEX,Basic Peaks,AEX Basic Peaks
835,AEX,Main Peak,AEX Main Peak
836,SE-HPLC,HMW,SE-HPLC HMW
837,SE-HPLC,LMW,SE-HPLC LMW
838,SE-HPLC,Monomer,SE-HPLC Monomer
839,SE-UPLC,HMW,SE-UPLC HMW
840,SE-UPLC,LMW,SE-UPLC LMW
841,SE-UPLC,Monomer,SE-UPLC Monomer
842,HIAC or UV,Particulate-Matter >= 10-um,Particulate-Matter >= 10-um
843,HIAC or UV,Particulate-Matter >= 25-um,Particulate-Matter >= 25-um
844,Cell-Based Bioassay,Potency,Potency by Cell-Based Bioassay
845,ELISA,Binding activity or Potency,Potency by Binding ELISA
846,SPR/Biocore,Binding activity,SPR Binding activity
847,pH,pH,pH
848,A280,Protein Concentration,Protein Concentration (A280)
849,Polysorbate 80,Polysorbate 80,Polysorbate 80